,INCIDENT_ID,DATA_YEAR,ORI,PUB_AGENCY_NAME,PUB_AGENCY_UNIT,AGENCY_TYPE_NAME,STATE_ABBR,STATE_NAME,DIVISION_NAME,REGION_NAME,POPULATION_GROUP_CODE,POPULATION_GROUP_DESC,INCIDENT_DATE,ADULT_VICTIM_COUNT,JUVENILE_VICTIM_COUNT,TOTAL_OFFENDER_COUNT,ADULT_OFFENDER_COUNT,JUVENILE_OFFENDER_COUNT,OFFENDER_RACE,OFFENDER_ETHNICITY,VICTIM_COUNT,OFFENSE_NAME,TOTAL_INDIVIDUAL_VICTIMS,LOCATION_NAME,BIAS_DESC,VICTIM_TYPES,MULTIPLE_OFFENSE,MULTIPLE_BIAS
4589,4591,1992,AL0010000,Jefferson,,County,AL,Alabama,East South Central,South,9A,"MSA counties 100,000 or over",24-AUG-92,,,2,,,White,,1,Aggravated Assault,1.0,Residence/Home,Anti-Black or African American,Individual,S,S
4590,4592,1992,AL0011400,Pleasant Grove,,City,AL,Alabama,East South Central,South,6,"Cities from 2,500 thru 9,999",27-SEP-92,,,0,,,Unknown,,1,Destruction/Damage/Vandalism of Property,1.0,Residence/Home,Anti-Black or African American,Individual,S,S
4591,4593,1992,AL0110800,Jacksonville State University,,University or College,AL,Alabama,East South Central,South,7,"Cities under 2,500",13-DEC-92,,,1,,,Black or African American,,1,Simple Assault,1.0,School/College,Anti-White,Individual,S,S
4592,4594,1992,AL0440100,Athens,,City,AL,Alabama,East South Central,South,5,"Cities from 10,000 thru 24,999",01-SEP-92,,,0,,,Unknown,,1,Destruction/Damage/Vandalism of Property,1.0,Other/Unknown,Anti-Black or African American,Individual,S,S
11280,11258,1993,AL0010000,Jefferson,,County,AL,Alabama,East South Central,South,9A,"MSA counties 100,000 or over",01-JAN-93,,,1,,,White,,1,Simple Assault,1.0,Other/Unknown,Anti-Black or African American,Individual,S,S
11281,11259,1993,AL0010200,Birmingham,,City,AL,Alabama,East South Central,South,1C,"Cities from 250,000 thru 499,999",01-JAN-93,,,1,,,White,,1,Simple Assault,1.0,Other/Unknown,Anti-Black or African American,Individual,S,S
11282,11260,1993,AL0010200,Birmingham,,City,AL,Alabama,East South Central,South,1C,"Cities from 250,000 thru 499,999",01-JAN-93,,,1,,,Black or African American,,1,Simple Assault,1.0,Other/Unknown,Anti-White,Individual,S,S
11283,11261,1993,AL0011400,Pleasant Grove,,City,AL,Alabama,East South Central,South,6,"Cities from 2,500 thru 9,999",01-JAN-93,,,1,,,White,,1,Simple Assault,1.0,Other/Unknown,Anti-Black or African American,Individual,S,S
11284,11262,1993,AL0470100,Huntsville,,City,AL,Alabama,East South Central,South,2,"Cities from 100,000 thru 249,999",01-JAN-93,,,1,,,White,,1,Destruction/Damage/Vandalism of Property,1.0,Other/Unknown,Anti-Black or African American,Individual,S,S
83467,83461,2002,AL0020200,Prichard,,City,AL,Alabama,East South Central,South,4,"Cities from 25,000 thru 49,999",25-AUG-02,,,1,,,Black or African American,,1,Intimidation,1.0,Bar/Nightclub,Anti-White,Individual,S,S
83468,83462,2002,AL0030000,Montgomery,,County,AL,Alabama,East South Central,South,9C,"MSA counties from 10,000 thru 24,999",06-JUN-02,,,5,,,White,,1,Intimidation,1.0,Highway/Road/Alley/Street/Sidewalk,Anti-Black or African American,Individual,S,S
90958,90946,2003,AL0230100,Andalusia,,City,AL,Alabama,East South Central,South,6,"Cities from 2,500 thru 9,999",26-OCT-03,,,0,,,Unknown,,2,Intimidation,2.0,Residence/Home,Anti-Black or African American,Individual,S,S
98499,98491,2004,AL0010000,Jefferson,,County,AL,Alabama,East South Central,South,9A,"MSA counties 100,000 or over",30-AUG-04,,,0,,,Unknown,,1,Destruction/Damage/Vandalism of Property,1.0,Residence/Home,Anti-Black or African American,Individual,S,S
98500,98492,2004,AL0300100,Atmore,,City,AL,Alabama,East South Central,South,6,"Cities from 2,500 thru 9,999",31-JAN-04,,,1,,,White,,3,Simple Assault,3.0,Restaurant,Anti-Black or African American,Individual,S,S
98501,98493,2004,AL0360100,Greensboro,,City,AL,Alabama,East South Central,South,6,"Cities from 2,500 thru 9,999",29-SEP-04,,,1,,,White,,1,Intimidation,1.0,School/College,Anti-Black or African American,Individual,S,S
121309,121302,2007,AL0011200,Hoover,,City,AL,Alabama,East South Central,South,3,"Cities from 50,000 thru 99,999",10-OCT-07,,,1,,,Black or African American,,1,Simple Assault,1.0,Residence/Home,Anti-Gay (Male),Individual,S,S
121310,121303,2007,AL0011200,Hoover,,City,AL,Alabama,East South Central,South,3,"Cities from 50,000 thru 99,999",26-DEC-07,,,0,,,Unknown,,1,Destruction/Damage/Vandalism of Property,1.0,Residence/Home,Anti-Black or African American,Individual,S,S
121311,121304,2007,AL0260000,Dale,,County,AL,Alabama,East South Central,South,8C,"Non-MSA counties from 10,000 thru 24,999",03-DEC-07,,,1,,,White,,1,Aggravated Assault,1.0,Residence/Home,Anti-Black or African American,Individual,S,S
121312,121305,2007,AL0260500,Newton,,City,AL,Alabama,East South Central,South,7,"Cities under 2,500",03-OCT-07,,,0,,,Unknown,,2,Destruction/Damage/Vandalism of Property,1.0,Bar/Nightclub,Anti-Black or African American,Business;Individual,M,S
121313,121306,2007,AL0430100,Auburn,,City,AL,Alabama,East South Central,South,3,"Cities from 50,000 thru 99,999",19-APR-07,,,4,,,White,,1,Aggravated Assault,1.0,School/College,Anti-Asian,Individual,S,S
121314,121307,2007,AL0630000,Tuscaloosa,,County,AL,Alabama,East South Central,South,9B,"MSA counties from 25,000 thru 99,999",25-JUN-07,,,0,,,Unknown,,1,Burglary/Breaking & Entering,1.0,Residence/Home,Anti-Black or African American,Individual,S,S
121315,121308,2007,AL0630100,Tuscaloosa,,City,AL,Alabama,East South Central,South,3,"Cities from 50,000 thru 99,999",04-NOV-07,,,0,,,Unknown,,1,Destruction/Damage/Vandalism of Property,1.0,Parking/Drop Lot/Garage,Anti-Black or African American,Individual,S,S
128934,128926,2008,AL0011200,Hoover,,City,AL,Alabama,East South Central,South,3,"Cities from 50,000 thru 99,999",07-APR-08,,,1,,,White,,1,Intimidation,1.0,Residence/Home,Anti-Hispanic or Latino,Individual,S,S
128935,128927,2008,AL0011200,Hoover,,City,AL,Alabama,East South Central,South,3,"Cities from 50,000 thru 99,999",07-JUL-08,,,1,,,White,,1,Simple Assault,1.0,Residence/Home,Anti-Gay (Male),Individual,S,S
128936,128928,2008,AL0011200,Hoover,,City,AL,Alabama,East South Central,South,3,"Cities from 50,000 thru 99,999",04-SEP-08,,,1,,,Unknown,,1,Intimidation,1.0,Other/Unknown,Anti-Black or African American,Individual,S,S
128937,128929,2008,AL0011200,Hoover,,City,AL,Alabama,East South Central,South,3,"Cities from 50,000 thru 99,999",09-DEC-08,,,1,,,Black or African American,,1,Intimidation,1.0,Highway/Road/Alley/Street/Sidewalk,Anti-White,Individual,S,S
128938,128930,2008,AL0011200,Hoover,,City,AL,Alabama,East South Central,South,3,"Cities from 50,000 thru 99,999",17-DEC-08,,,0,,,Unknown,,1,Simple Assault,1.0,Residence/Home,Anti-Islamic (Muslim),Individual,S,S
128939,128931,2008,AL0011200,Hoover,,City,AL,Alabama,East South Central,South,3,"Cities from 50,000 thru 99,999",30-DEC-08,,,2,,,White,,1,Intimidation,1.0,Residence/Home,Anti-Other Religion,Individual,S,S
128940,128932,2008,AL0190200,Enterprise,,City,AL,Alabama,East South Central,South,5,"Cities from 10,000 thru 24,999",08-FEB-08,,,0,,,Unknown,,1,Intimidation,1.0,Residence/Home,Anti-Black or African American,Individual,S,S
128941,128933,2008,AL0430000,Lee,,County,AL,Alabama,East South Central,South,9B,"MSA counties from 25,000 thru 99,999",18-SEP-08,,,2,,,White,,1,Destruction/Damage/Vandalism of Property,1.0,Residence/Home,Anti-Black or African American,Individual,S,S
128942,128934,2008,AL0430000,Lee,,County,AL,Alabama,East South Central,South,9B,"MSA counties from 25,000 thru 99,999",02-NOV-08,,,0,,,Unknown,,1,Intimidation,1.0,Residence/Home,Anti-Black or African American,Individual,S,S
128943,128935,2008,AL0450000,Lowndes,,County,AL,Alabama,East South Central,South,9C,"MSA counties from 10,000 thru 24,999",14-OCT-08,,,0,,,Unknown,,1,Destruction/Damage/Vandalism of Property,1.0,Residence/Home,Anti-Black or African American,Individual,S,S
128944,128936,2008,AL0630100,Tuscaloosa,,City,AL,Alabama,East South Central,South,3,"Cities from 50,000 thru 99,999",18-MAR-08,,,1,,,White,,2,Intimidation,2.0,Residence/Home,Anti-Gay (Male),Individual,S,S
136974,136965,2009,AL0011200,Hoover,,City,AL,Alabama,East South Central,South,3,"Cities from 50,000 thru 99,999",06-MAR-09,,,1,,,White,,2,Intimidation,2.0,Residence/Home,Anti-Black or African American,Individual,S,S
136975,136966,2009,AL0011200,Hoover,,City,AL,Alabama,East South Central,South,3,"Cities from 50,000 thru 99,999",30-AUG-09,,,0,,,Unknown,,1,Destruction/Damage/Vandalism of Property,1.0,Residence/Home,"Anti-Multiple Races, Group",Individual,S,S
136976,136967,2009,AL0011200,Hoover,,City,AL,Alabama,East South Central,South,3,"Cities from 50,000 thru 99,999",07-SEP-09,,,0,,,Unknown,,1,Destruction/Damage/Vandalism of Property,1.0,Residence/Home,Anti-Gay (Male),Individual,S,S
136977,136968,2009,AL0011200,Hoover,,City,AL,Alabama,East South Central,South,3,"Cities from 50,000 thru 99,999",05-MAY-09,,,1,,,White,,1,Intimidation,1.0,Convenience Store,Anti-Black or African American,Individual,S,S
136978,136969,2009,AL0020100,Mobile,,City,AL,Alabama,East South Central,South,2,"Cities from 100,000 thru 249,999",04-JAN-09,,,0,,,Unknown,,1,Destruction/Damage/Vandalism of Property,0.0,Church/Synagogue/Temple/Mosque,Anti-Jewish,Religious Organization,S,S
136979,136970,2009,AL0130300,Leesburg,,City,AL,Alabama,East South Central,South,7,"Cities under 2,500",19-APR-09,,,1,,,White,,1,Intimidation,1.0,Restaurant,"Anti-Lesbian, Gay, Bisexual, or Transgender (Mixed Group)",Individual,S,S
136980,136971,2009,AL0260100,Ozark,,City,AL,Alabama,East South Central,South,5,"Cities from 10,000 thru 24,999",08-MAY-09,,,0,,,Unknown,,1,Arson,1.0,Field/Woods,Anti-Black or African American,Individual,S,S
136981,136972,2009,AL0590400,Alabaster,,City,AL,Alabama,East South Central,South,4,"Cities from 25,000 thru 49,999",26-AUG-09,,,1,,,White,,1,Intimidation,1.0,Residence/Home,Anti-Black or African American,Individual,S,S
136982,136973,2009,AL0640100,Jasper,,City,AL,Alabama,East South Central,South,5,"Cities from 10,000 thru 24,999",26-MAY-09,,,1,,,White,,1,Destruction/Damage/Vandalism of Property,1.0,Commercial/Office Building,Anti-Black or African American,Individual,S,S
143585,143577,2010,AL0011200,Hoover,,City,AL,Alabama,East South Central,South,3,"Cities from 50,000 thru 99,999",14-APR-10,,,1,,,White,,1,Intimidation,1.0,Highway/Road/Alley/Street/Sidewalk,Anti-Black or African American,Individual,S,S
143586,143578,2010,AL0011200,Hoover,,City,AL,Alabama,East South Central,South,3,"Cities from 50,000 thru 99,999",05-NOV-10,,,1,,,Black or African American,,1,Intimidation,1.0,Department/Discount Store,"Anti-Multiple Religions, Group",Individual,S,S
143587,143579,2010,AL0080000,Blount,,County,AL,Alabama,East South Central,South,9B,"MSA counties from 25,000 thru 99,999",03-JUN-10,,,1,,,White,,1,Intimidation,1.0,Residence/Home,Anti-Hispanic or Latino,Individual,S,S
143588,143580,2010,AL0080100,Oneonta,,City,AL,Alabama,East South Central,South,6,"Cities from 2,500 thru 9,999",13-JUN-10,,,0,,,Unknown,,1,Destruction/Damage/Vandalism of Property,0.0,Service/Gas Station,Anti-Other Race/Ethnicity/Ancestry,Business,S,S
143589,143581,2010,AL0120200,Lanett,,City,AL,Alabama,East South Central,South,6,"Cities from 2,500 thru 9,999",16-DEC-10,,,1,,,White,,1,Intimidation,1.0,Service/Gas Station,Anti-Black or African American,Individual,S,S
143590,143582,2010,AL0160000,Clarke,,County,AL,Alabama,East South Central,South,8C,"Non-MSA counties from 10,000 thru 24,999",18-FEB-10,,,4,,,Black or African American,,2,Murder and Nonnegligent Manslaughter,2.0,Residence/Home,Anti-Other Religion,Individual,S,S
143591,143583,2010,AL0340400,Slocomb,,City,AL,Alabama,East South Central,South,7,"Cities under 2,500",28-MAR-10,,,1,,,White,,5,Intimidation,5.0,Residence/Home,Anti-Black or African American,Individual,S,S
143592,143584,2010,AL0470200,Madison,,City,AL,Alabama,East South Central,South,4,"Cities from 25,000 thru 49,999",12-AUG-10,,,0,,,Unknown,,1,Intimidation,1.0,Residence/Home,Anti-Black or African American,Individual,S,S
143593,143585,2010,AL0520100,Decatur,,City,AL,Alabama,East South Central,South,3,"Cities from 50,000 thru 99,999",23-JUL-10,,,0,,,Unknown,,1,Simple Assault,1.0,Residence/Home,Anti-Black or African American,Individual,S,S
143594,143586,2010,AL0520100,Decatur,,City,AL,Alabama,East South Central,South,3,"Cities from 50,000 thru 99,999",10-OCT-10,,,3,,,Black or African American,,1,Simple Assault,1.0,Residence/Home,Anti-Gay (Male),Individual,S,S
143595,143587,2010,AL0520100,Decatur,,City,AL,Alabama,East South Central,South,3,"Cities from 50,000 thru 99,999",19-OCT-10,,,2,,,Unknown,,1,Simple Assault,1.0,Residence/Home,Anti-Other Race/Ethnicity/Ancestry,Individual,S,S
143596,143588,2010,AL0580700,Riverside,,City,AL,Alabama,East South Central,South,7,"Cities under 2,500",26-OCT-10,,,1,,,White,,1,Intimidation,1.0,Air/Bus/Train Terminal,Anti-Black or African American,Individual,S,S
143597,143589,2010,AL0610200,Talladega,,City,AL,Alabama,East South Central,South,5,"Cities from 10,000 thru 24,999",01-MAY-10,,,1,,,White,,1,Intimidation,1.0,Department/Discount Store,Anti-Gay (Male),Individual,S,S
143598,143590,2010,AL0630000,Tuscaloosa,,County,AL,Alabama,East South Central,South,9B,"MSA counties from 25,000 thru 99,999",01-SEP-10,,,1,,,White,,1,Intimidation,1.0,Highway/Road/Alley/Street/Sidewalk,Anti-Black or African American,Individual,S,S
143599,143591,2010,AL0630000,Tuscaloosa,,County,AL,Alabama,East South Central,South,9B,"MSA counties from 25,000 thru 99,999",16-JUN-10,,,1,,,Black or African American,,1,Simple Assault,1.0,Residence/Home,Anti-White,Individual,S,S
143600,143592,2010,AL0630000,Tuscaloosa,,County,AL,Alabama,East South Central,South,9B,"MSA counties from 25,000 thru 99,999",16-JUN-10,,,1,,,White,,1,Simple Assault,1.0,Residence/Home,Anti-Black or African American,Individual,S,S
143601,143593,2010,AL0630000,Tuscaloosa,,County,AL,Alabama,East South Central,South,9B,"MSA counties from 25,000 thru 99,999",05-APR-10,,,0,,,Unknown,,1,Intimidation,1.0,Highway/Road/Alley/Street/Sidewalk,Anti-Black or African American,Individual,S,S
143602,143594,2010,AL0630000,Tuscaloosa,,County,AL,Alabama,East South Central,South,9B,"MSA counties from 25,000 thru 99,999",02-APR-10,,,1,,,White,,1,Simple Assault,1.0,Highway/Road/Alley/Street/Sidewalk,Anti-Black or African American,Individual,S,S
143603,143595,2010,AL0640100,Jasper,,City,AL,Alabama,East South Central,South,5,"Cities from 10,000 thru 24,999",11-MAY-10,,,1,,,White,,1,Intimidation,1.0,Commercial/Office Building,Anti-Black or African American,Individual,S,S
150219,150205,2011,AL0011100,Fultondale,,City,AL,Alabama,East South Central,South,6,"Cities from 2,500 thru 9,999",01-DEC-11,0.0,0.0,1,0.0,0.0,White,,1,Not Specified,0.0,Department/Discount Store,Anti-Black or African American,Business,S,S
150220,150206,2011,AL0011200,Hoover,,City,AL,Alabama,East South Central,South,3,"Cities from 50,000 thru 99,999",16-JUL-11,0.0,0.0,2,0.0,0.0,White,,1,Intimidation,1.0,Hotel/Motel/Etc.,Anti-Black or African American,Individual,S,S
150221,150207,2011,AL0011200,Hoover,,City,AL,Alabama,East South Central,South,3,"Cities from 50,000 thru 99,999",18-NOV-11,0.0,0.0,2,0.0,0.0,White,,1,Simple Assault,1.0,Restaurant,Anti-Hispanic or Latino,Individual,S,S
150222,150208,2011,AL0011300,Irondale,,City,AL,Alabama,East South Central,South,5,"Cities from 10,000 thru 24,999",02-MAY-11,0.0,0.0,0,0.0,0.0,Unknown,,1,Simple Assault,1.0,Highway/Road/Alley/Street/Sidewalk,Anti-White,Individual,S,S
150223,150209,2011,AL0011300,Irondale,,City,AL,Alabama,East South Central,South,5,"Cities from 10,000 thru 24,999",16-MAY-11,0.0,0.0,1,0.0,0.0,White,,1,Simple Assault,1.0,Field/Woods,Anti-Black or African American,Individual,S,S
150224,150210,2011,AL0011900,Hueytown,,City,AL,Alabama,East South Central,South,5,"Cities from 10,000 thru 24,999",01-DEC-11,0.0,0.0,1,0.0,0.0,Black or African American,,1,Simple Assault,1.0,Residence/Home,Anti-White,Individual,S,S
150225,150211,2011,AL0012200,Adamsville,,City,AL,Alabama,East South Central,South,6,"Cities from 2,500 thru 9,999",27-FEB-11,0.0,0.0,1,0.0,0.0,White,,1,Aggravated Assault,1.0,Residence/Home,Anti-White,Individual,S,S
150226,150212,2011,AL0012200,Adamsville,,City,AL,Alabama,East South Central,South,6,"Cities from 2,500 thru 9,999",30-NOV-11,0.0,0.0,0,0.0,0.0,Unknown,,1,Not Specified,0.0,Department/Discount Store,Anti-White,Business,S,S
150227,150213,2011,AL0020500,Saraland,,City,AL,Alabama,East South Central,South,5,"Cities from 10,000 thru 24,999",06-MAR-11,0.0,0.0,0,0.0,0.0,Unknown,,1,Destruction/Damage/Vandalism of Property,1.0,Residence/Home,Anti-Black or African American,Individual,S,S
150228,150214,2011,AL0020500,Saraland,,City,AL,Alabama,East South Central,South,5,"Cities from 10,000 thru 24,999",15-JUN-11,0.0,0.0,0,0.0,0.0,Unknown,,1,Destruction/Damage/Vandalism of Property,1.0,Residence/Home,Anti-Black or African American,Individual,S,S
150229,150215,2011,AL0020800,Mount Vernon,,City,AL,Alabama,East South Central,South,7,"Cities under 2,500",20-NOV-11,0.0,0.0,0,0.0,0.0,Unknown,,1,Not Specified,1.0,Grocery/Supermarket,Anti-White,Individual,S,S
150230,150216,2011,AL0030100,Montgomery,,City,AL,Alabama,East South Central,South,2,"Cities from 100,000 thru 249,999",21-MAR-11,0.0,0.0,0,0.0,0.0,Unknown,,1,Simple Assault,1.0,Other/Unknown,Anti-Other Race/Ethnicity/Ancestry,Individual,S,S
150231,150217,2011,AL0040100,Prattville,,City,AL,Alabama,East South Central,South,4,"Cities from 25,000 thru 49,999",11-MAY-11,0.0,0.0,0,0.0,0.0,Unknown,,1,Simple Assault,1.0,Highway/Road/Alley/Street/Sidewalk,Anti-Black or African American,Individual,S,S
150232,150218,2011,AL0050300,Foley,,City,AL,Alabama,East South Central,South,5,"Cities from 10,000 thru 24,999",06-APR-11,0.0,0.0,0,0.0,0.0,Unknown,,1,Destruction/Damage/Vandalism of Property,0.0,Construction Site,"Anti-Multiple Races, Group",Other,S,S
150233,150219,2011,AL0050300,Foley,,City,AL,Alabama,East South Central,South,5,"Cities from 10,000 thru 24,999",06-APR-11,0.0,0.0,0,0.0,0.0,Unknown,,1,Destruction/Damage/Vandalism of Property,0.0,Highway/Road/Alley/Street/Sidewalk,"Anti-Multiple Races, Group",Other,S,S
150234,150220,2011,AL0051200,Orange Beach,,City,AL,Alabama,East South Central,South,6,"Cities from 2,500 thru 9,999",23-APR-11,0.0,0.0,1,0.0,0.0,White,,1,Simple Assault,1.0,Hotel/Motel/Etc.,Anti-Black or African American,Individual,S,S
150235,150221,2011,AL0051200,Orange Beach,,City,AL,Alabama,East South Central,South,6,"Cities from 2,500 thru 9,999",21-AUG-11,0.0,0.0,1,0.0,0.0,White,,2,Simple Assault,2.0,Tribal Lands,Anti-Gay (Male),Individual,S,S
150236,150222,2011,AL0051200,Orange Beach,,City,AL,Alabama,East South Central,South,6,"Cities from 2,500 thru 9,999",27-AUG-11,0.0,0.0,0,0.0,0.0,Unknown,,1,Simple Assault,1.0,Residence/Home,Anti-Gay (Male),Individual,S,S
150237,150223,2011,AL0080000,Blount,,County,AL,Alabama,East South Central,South,9B,"MSA counties from 25,000 thru 99,999",07-JUN-11,0.0,0.0,1,0.0,0.0,White,,3,Intimidation,3.0,Residence/Home,Anti-White,Individual,S,S
150238,150224,2011,AL0080000,Blount,,County,AL,Alabama,East South Central,South,9B,"MSA counties from 25,000 thru 99,999",10-AUG-11,0.0,0.0,1,0.0,0.0,White,,1,Intimidation,1.0,Residence/Home,Anti-Black or African American,Individual,S,S
150239,150225,2011,AL0100100,Greenville,,City,AL,Alabama,East South Central,South,6,"Cities from 2,500 thru 9,999",15-NOV-11,0.0,0.0,1,0.0,0.0,Black or African American,,1,Simple Assault,1.0,Grocery/Supermarket,Anti-Black or African American,Individual,S,S
150240,150226,2011,AL0110200,Jacksonville,,City,AL,Alabama,East South Central,South,5,"Cities from 10,000 thru 24,999",30-DEC-11,0.0,0.0,0,0.0,0.0,Unknown,,1,Intimidation,1.0,Highway/Road/Alley/Street/Sidewalk,Anti-Black or African American,Individual,S,S
150241,150227,2011,AL0110300,Piedmont,,City,AL,Alabama,East South Central,South,6,"Cities from 2,500 thru 9,999",11-JAN-11,0.0,0.0,0,0.0,0.0,Unknown,,1,Aggravated Assault,1.0,Highway/Road/Alley/Street/Sidewalk,Anti-Black or African American,Individual,S,S
150242,150228,2011,AL0110400,Weaver,,City,AL,Alabama,East South Central,South,6,"Cities from 2,500 thru 9,999",13-AUG-11,0.0,0.0,3,0.0,0.0,White,,1,Aggravated Assault,1.0,Liquor Store,Anti-Black or African American,Individual,S,S
150243,150229,2011,AL0110500,Oxford,,City,AL,Alabama,East South Central,South,5,"Cities from 10,000 thru 24,999",18-MAR-11,0.0,0.0,0,0.0,0.0,Unknown,,1,Intimidation,1.0,Residence/Home,Anti-Gay (Male),Individual,S,S
150244,150230,2011,AL0110500,Oxford,,City,AL,Alabama,East South Central,South,5,"Cities from 10,000 thru 24,999",25-APR-11,0.0,0.0,0,0.0,0.0,Unknown,,1,Destruction/Damage/Vandalism of Property,1.0,Parking/Drop Lot/Garage,Anti-Black or African American,Individual,S,S
150245,150231,2011,AL0110500,Oxford,,City,AL,Alabama,East South Central,South,5,"Cities from 10,000 thru 24,999",11-MAY-11,0.0,0.0,0,0.0,0.0,Unknown,,1,Intimidation,1.0,School-Elementary/Secondary,"Anti-Lesbian, Gay, Bisexual, or Transgender (Mixed Group)",Individual,S,S
150246,150232,2011,AL0110500,Oxford,,City,AL,Alabama,East South Central,South,5,"Cities from 10,000 thru 24,999",18-JUN-11,0.0,0.0,1,0.0,0.0,White,,1,Simple Assault,1.0,Residence/Home,Anti-Hispanic or Latino,Individual,S,S
150247,150233,2011,AL0110500,Oxford,,City,AL,Alabama,East South Central,South,5,"Cities from 10,000 thru 24,999",11-NOV-11,0.0,0.0,2,0.0,0.0,White,,1,Aggravated Assault,1.0,Residence/Home,Anti-Gay (Male),Individual,S,S
150248,150234,2011,AL0130100,Centre,,City,AL,Alabama,East South Central,South,6,"Cities from 2,500 thru 9,999",01-NOV-11,0.0,0.0,0,0.0,0.0,Unknown,,1,Intimidation,1.0,Other/Unknown,Anti-Black or African American,Individual,S,S
150249,150235,2011,AL0140000,Chilton,,County,AL,Alabama,East South Central,South,9B,"MSA counties from 25,000 thru 99,999",13-FEB-11,0.0,0.0,1,0.0,0.0,White,,1,Simple Assault,1.0,Residence/Home,Anti-Jewish,Individual,S,S
150250,150236,2011,AL0140000,Chilton,,County,AL,Alabama,East South Central,South,9B,"MSA counties from 25,000 thru 99,999",14-JUL-11,0.0,0.0,1,0.0,0.0,White,,1,Intimidation,1.0,Residence/Home,Anti-Hispanic or Latino,Individual,S,S
150251,150237,2011,AL0140000,Chilton,,County,AL,Alabama,East South Central,South,9B,"MSA counties from 25,000 thru 99,999",30-NOV-11,0.0,0.0,0,0.0,0.0,Unknown,,1,Not Specified,1.0,Residence/Home,Anti-White,Individual,S,S
150252,150238,2011,AL0140100,Clanton,,City,AL,Alabama,East South Central,South,6,"Cities from 2,500 thru 9,999",02-MAR-11,0.0,0.0,0,0.0,0.0,Unknown,,1,Intimidation,1.0,Department/Discount Store,Anti-White,Individual,S,S
150253,150239,2011,AL0140100,Clanton,,City,AL,Alabama,East South Central,South,6,"Cities from 2,500 thru 9,999",01-JUL-11,0.0,0.0,1,0.0,0.0,Black or African American,,1,Intimidation,1.0,Other/Unknown,Anti-White,Individual,S,S
150254,150240,2011,AL0160100,Jackson,,City,AL,Alabama,East South Central,South,6,"Cities from 2,500 thru 9,999",29-NOV-11,0.0,0.0,1,0.0,0.0,White,,1,Simple Assault,1.0,Service/Gas Station,"Anti-Multiple Races, Group",Individual,S,S
150255,150241,2011,AL0180100,Heflin,,City,AL,Alabama,East South Central,South,6,"Cities from 2,500 thru 9,999",23-FEB-11,0.0,0.0,0,0.0,0.0,Unknown,,1,Destruction/Damage/Vandalism of Property,1.0,Arena/Stadium/Fairgrounds/Coliseum,Anti-Black or African American,Individual,S,S
150256,150242,2011,AL0190100,Elba,,City,AL,Alabama,East South Central,South,6,"Cities from 2,500 thru 9,999",06-SEP-11,0.0,0.0,1,0.0,0.0,White,,1,Intimidation,1.0,Restaurant,Anti-Black or African American,Individual,S,S
150257,150243,2011,AL0190200,Enterprise,,City,AL,Alabama,East South Central,South,4,"Cities from 25,000 thru 49,999",08-SEP-11,0.0,0.0,0,0.0,0.0,Unknown,,1,Intimidation,1.0,Bar/Nightclub,Anti-Black or African American,Individual,S,S
150258,150244,2011,AL0190200,Enterprise,,City,AL,Alabama,East South Central,South,4,"Cities from 25,000 thru 49,999",17-OCT-11,0.0,0.0,0,0.0,0.0,Unknown,,1,Destruction/Damage/Vandalism of Property,1.0,Residence/Home,"Anti-Multiple Races, Group",Individual,S,S
150259,150245,2011,AL0200100,Sheffield,,City,AL,Alabama,East South Central,South,6,"Cities from 2,500 thru 9,999",14-MAY-11,0.0,0.0,2,0.0,0.0,White,,1,Intimidation,1.0,Residence/Home,Anti-Black or African American,Individual,S,S
150260,150246,2011,AL0200200,Tuscumbia,,City,AL,Alabama,East South Central,South,6,"Cities from 2,500 thru 9,999",22-NOV-11,0.0,0.0,0,0.0,0.0,Unknown,,1,Destruction/Damage/Vandalism of Property,0.0,School-Elementary/Secondary,Anti-Black or African American,Government,S,S
150261,150247,2011,AL0220000,Coosa,,County,AL,Alabama,East South Central,South,8D,"Non-MSA counties under 10,000",17-MAR-11,0.0,0.0,0,0.0,0.0,Unknown,,1,Destruction/Damage/Vandalism of Property,0.0,Church/Synagogue/Temple/Mosque,"Anti-Multiple Religions, Group",Religious Organization,S,S
150262,150248,2011,AL0250000,Cullman,,County,AL,Alabama,East South Central,South,8B,"Non-MSA counties from 25,000 thru 99,999",24-AUG-11,0.0,0.0,1,0.0,0.0,White,,7,Simple Assault,7.0,School/College,Anti-Black or African American,Individual,S,S
150263,150249,2011,AL0260100,Ozark,,City,AL,Alabama,East South Central,South,5,"Cities from 10,000 thru 24,999",21-OCT-11,0.0,0.0,0,0.0,0.0,Unknown,,1,Destruction/Damage/Vandalism of Property,1.0,Parking/Drop Lot/Garage,Anti-White,Individual,S,S
150264,150250,2011,AL0280100,Fort Payne,,City,AL,Alabama,East South Central,South,5,"Cities from 10,000 thru 24,999",03-JAN-11,0.0,0.0,1,0.0,0.0,Black or African American,,2,Simple Assault,2.0,Residence/Home,Anti-White,Individual,S,S
150265,150251,2011,AL0280100,Fort Payne,,City,AL,Alabama,East South Central,South,5,"Cities from 10,000 thru 24,999",11-FEB-11,0.0,0.0,1,0.0,0.0,White,,1,Simple Assault,1.0,School-Elementary/Secondary,Anti-Heterosexual,Individual,S,S
150266,150252,2011,AL0281100,Fyffe,,City,AL,Alabama,East South Central,South,7,"Cities under 2,500",09-JAN-11,0.0,0.0,2,0.0,0.0,White,,1,Burglary/Breaking & Entering,0.0,Specialty Store,"Anti-Multiple Religions, Group",Business,S,S
150267,150253,2011,AL0281100,Fyffe,,City,AL,Alabama,East South Central,South,7,"Cities under 2,500",21-JAN-11,0.0,0.0,0,0.0,0.0,Unknown,,1,Destruction/Damage/Vandalism of Property,1.0,Residence/Home,"Anti-Multiple Religions, Group",Individual,S,S
150268,150254,2011,AL0370100,Abbeville,,City,AL,Alabama,East South Central,South,6,"Cities from 2,500 thru 9,999",21-FEB-11,0.0,0.0,0,0.0,0.0,Unknown,,1,Rape,1.0,Residence/Home,Anti-White,Individual,S,S
150269,150255,2011,AL0370100,Abbeville,,City,AL,Alabama,East South Central,South,6,"Cities from 2,500 thru 9,999",03-MAY-11,0.0,0.0,0,0.0,0.0,Unknown,,1,Not Specified,0.0,ATM Separate from Bank,Anti-White,Financial Institution,S,S
150270,150256,2011,AL0420200,Town Creek,,City,AL,Alabama,East South Central,South,7,"Cities under 2,500",26-JUN-11,0.0,0.0,1,0.0,0.0,White,,1,Aggravated Assault,1.0,Highway/Road/Alley/Street/Sidewalk,Anti-Mental Disability,Individual,S,S
150271,150257,2011,AL0470000,Madison,,County,AL,Alabama,East South Central,South,9A,"MSA counties 100,000 or over",16-OCT-11,0.0,0.0,0,0.0,0.0,Unknown,,1,Destruction/Damage/Vandalism of Property,1.0,Residence/Home,"Anti-Multiple Races, Group",Individual,S,S
150272,150258,2011,AL0480000,Marengo,,County,AL,Alabama,East South Central,South,8C,"Non-MSA counties from 10,000 thru 24,999",17-APR-11,0.0,0.0,1,0.0,0.0,White,,1,Simple Assault,1.0,Arena/Stadium/Fairgrounds/Coliseum,Anti-White,Individual,S,S
150273,150259,2011,AL0500200,Guntersville,,City,AL,Alabama,East South Central,South,6,"Cities from 2,500 thru 9,999",08-APR-11,0.0,0.0,1,0.0,0.0,White,,3,Simple Assault,3.0,Bar/Nightclub,Anti-Jewish,Individual,S,S
150274,150260,2011,AL0500200,Guntersville,,City,AL,Alabama,East South Central,South,6,"Cities from 2,500 thru 9,999",10-SEP-11,0.0,0.0,0,0.0,0.0,Unknown,,1,Robbery,1.0,Service/Gas Station,Anti-Other Race/Ethnicity/Ancestry,Individual,S,S
150275,150261,2011,AL0500600,Douglas,,City,AL,Alabama,East South Central,South,7,"Cities under 2,500",14-JUN-11,0.0,0.0,1,0.0,0.0,White,,1,Burglary/Breaking & Entering,1.0,Residence/Home,Anti-Hispanic or Latino,Individual,S,S
150276,150262,2011,AL0520100,Decatur,,City,AL,Alabama,East South Central,South,3,"Cities from 50,000 thru 99,999",21-JUN-11,0.0,0.0,1,0.0,0.0,Black or African American,,1,Robbery,1.0,Other/Unknown,Anti-Hispanic or Latino,Individual,S,S
150277,150263,2011,AL0520100,Decatur,,City,AL,Alabama,East South Central,South,3,"Cities from 50,000 thru 99,999",06-AUG-11,0.0,0.0,1,0.0,0.0,White,,2,Intimidation,2.0,Parking/Drop Lot/Garage,Anti-Hispanic or Latino,Individual,S,S
150278,150264,2011,AL0520100,Decatur,,City,AL,Alabama,East South Central,South,3,"Cities from 50,000 thru 99,999",26-AUG-11,0.0,0.0,1,0.0,0.0,Black or African American,,1,Simple Assault,1.0,Residence/Home,Anti-White,Individual,S,S
150279,150265,2011,AL0560100,Roanoke,,City,AL,Alabama,East South Central,South,6,"Cities from 2,500 thru 9,999",02-JAN-11,0.0,0.0,1,0.0,0.0,White,,1,Simple Assault,1.0,Government/Public Building,Anti-White,Individual,S,S
150280,150266,2011,AL0560100,Roanoke,,City,AL,Alabama,East South Central,South,6,"Cities from 2,500 thru 9,999",21-MAY-11,0.0,0.0,1,0.0,0.0,Black or African American,,1,Simple Assault,1.0,Residence/Home,Anti-Black or African American,Individual,S,S
150281,150267,2011,AL0560100,Roanoke,,City,AL,Alabama,East South Central,South,6,"Cities from 2,500 thru 9,999",17-SEP-11,0.0,0.0,1,0.0,0.0,White,,1,Destruction/Damage/Vandalism of Property,1.0,Residence/Home,Anti-Mental Disability,Individual,S,S
150282,150268,2011,AL0560100,Roanoke,,City,AL,Alabama,East South Central,South,6,"Cities from 2,500 thru 9,999",06-NOV-11,0.0,0.0,1,0.0,0.0,White,,1,Intimidation,1.0,Residence/Home,Anti-Black or African American,Individual,S,S
150283,150269,2011,AL0570100,Phenix City,,City,AL,Alabama,East South Central,South,4,"Cities from 25,000 thru 49,999",16-MAR-11,0.0,0.0,0,0.0,0.0,Unknown,,1,Simple Assault,1.0,Residence/Home,Anti-Black or African American,Individual,S,S
150284,150270,2011,AL0590400,Alabaster,,City,AL,Alabama,East South Central,South,4,"Cities from 25,000 thru 49,999",10-FEB-11,0.0,0.0,1,0.0,0.0,White,,1,Simple Assault,1.0,School/College,Anti-Hispanic or Latino,Individual,S,S
150285,150271,2011,AL0590600,Pelham,,City,AL,Alabama,East South Central,South,5,"Cities from 10,000 thru 24,999",30-NOV-11,0.0,0.0,0,0.0,0.0,Unknown,,1,Destruction/Damage/Vandalism of Property,0.0,Church/Synagogue/Temple/Mosque,Anti-Asian,Religious Organization,S,S
150286,150272,2011,AL0610100,Sylacauga,,City,AL,Alabama,East South Central,South,5,"Cities from 10,000 thru 24,999",07-JUL-11,0.0,0.0,1,0.0,0.0,White,,1,Simple Assault,1.0,Field/Woods,Anti-Black or African American,Individual,S,S
150287,150273,2011,AL0610100,Sylacauga,,City,AL,Alabama,East South Central,South,5,"Cities from 10,000 thru 24,999",07-JUL-11,0.0,0.0,1,0.0,0.0,White,,1,Simple Assault,1.0,Field/Woods,Anti-Black or African American,Individual,S,S
150288,150274,2011,AL0610400,Lincoln,,City,AL,Alabama,East South Central,South,6,"Cities from 2,500 thru 9,999",29-JUN-11,0.0,0.0,2,0.0,0.0,White,,1,Burglary/Breaking & Entering,1.0,Residence/Home,Anti-Black or African American,Individual,S,S
150289,150275,2011,AL0610400,Lincoln,,City,AL,Alabama,East South Central,South,6,"Cities from 2,500 thru 9,999",03-SEP-11,0.0,0.0,1,0.0,0.0,Black or African American,,1,Aggravated Assault,1.0,Bar/Nightclub,Anti-White,Individual,S,S
150290,150276,2011,AL0630000,Tuscaloosa,,County,AL,Alabama,East South Central,South,9B,"MSA counties from 25,000 thru 99,999",13-MAR-11,0.0,0.0,1,0.0,0.0,White,,1,Aggravated Assault,1.0,Residence/Home,Anti-Black or African American,Individual,S,S
150291,150277,2011,AL0630000,Tuscaloosa,,County,AL,Alabama,East South Central,South,9B,"MSA counties from 25,000 thru 99,999",26-MAY-11,0.0,0.0,0,0.0,0.0,Unknown,,1,Aggravated Assault,1.0,Jail/Prison/Penitentiary/Corrections Facility,Anti-White,Individual,S,S
150292,150278,2011,AL0630000,Tuscaloosa,,County,AL,Alabama,East South Central,South,9B,"MSA counties from 25,000 thru 99,999",03-OCT-11,0.0,0.0,0,0.0,0.0,Unknown,,1,Intimidation,1.0,Commercial/Office Building,Anti-Black or African American,Individual,S,S
150293,150279,2011,AL0630100,Tuscaloosa,,City,AL,Alabama,East South Central,South,3,"Cities from 50,000 thru 99,999",06-JAN-11,0.0,0.0,0,0.0,0.0,Unknown,,3,Destruction/Damage/Vandalism of Property,3.0,Residence/Home,Anti-Hispanic or Latino,Individual,S,S
150294,150280,2011,AL0630100,Tuscaloosa,,City,AL,Alabama,East South Central,South,3,"Cities from 50,000 thru 99,999",13-JUL-11,0.0,0.0,1,0.0,0.0,White,,1,Aggravated Assault,1.0,Residence/Home,Anti-Black or African American,Individual,S,S
150295,150281,2011,AL0630100,Tuscaloosa,,City,AL,Alabama,East South Central,South,3,"Cities from 50,000 thru 99,999",13-AUG-11,0.0,0.0,3,0.0,0.0,White,,1,Simple Assault,1.0,Other/Unknown,Anti-Other Race/Ethnicity/Ancestry,Individual,S,S
150296,150282,2011,AL0640100,Jasper,,City,AL,Alabama,East South Central,South,5,"Cities from 10,000 thru 24,999",23-JUL-11,0.0,0.0,0,0.0,0.0,Unknown,,1,Destruction/Damage/Vandalism of Property,0.0,Residence/Home,Anti-Black or African American,Government,S,S
150297,150283,2011,AL0640100,Jasper,,City,AL,Alabama,East South Central,South,5,"Cities from 10,000 thru 24,999",04-OCT-11,0.0,0.0,0,0.0,0.0,Unknown,,1,Robbery,1.0,Convenience Store,Anti-White,Individual,S,S
150298,150284,2011,AL0640600,Parrish,,City,AL,Alabama,East South Central,South,7,"Cities under 2,500",21-AUG-11,0.0,0.0,1,0.0,0.0,White,,1,Intimidation,1.0,Residence/Home,"Anti-Lesbian, Gay, Bisexual, or Transgender (Mixed Group)",Individual,S,S
150299,150285,2011,AL0650000,Washington,,County,AL,Alabama,East South Central,South,8C,"Non-MSA counties from 10,000 thru 24,999",12-FEB-11,0.0,0.0,2,0.0,0.0,White,,1,Not Specified,1.0,Residence/Home,Anti-White,Individual,S,S
150300,150286,2011,AL0650000,Washington,,County,AL,Alabama,East South Central,South,8C,"Non-MSA counties from 10,000 thru 24,999",26-OCT-11,0.0,0.0,1,0.0,0.0,American Indian or Alaska Native,,1,Simple Assault,1.0,Residence/Home,Anti-American Indian or Alaska Native,Individual,S,S
150301,150287,2011,AL0670200,Haleyville,,City,AL,Alabama,East South Central,South,6,"Cities from 2,500 thru 9,999",06-JAN-11,0.0,0.0,0,0.0,0.0,Unknown,,1,Destruction/Damage/Vandalism of Property,1.0,Residence/Home,Anti-Black or African American,Individual,S,S
156516,156503,2012,AL0011200,Hoover,,City,AL,Alabama,East South Central,South,3,"Cities from 50,000 thru 99,999",02-FEB-12,,,1,,,Black or African American,,1,Simple Assault,1.0,Other/Unknown,Anti-Hispanic or Latino,Individual,S,S
156517,156504,2012,AL0011200,Hoover,,City,AL,Alabama,East South Central,South,3,"Cities from 50,000 thru 99,999",03-MAR-12,,,0,,,Unknown,,1,Destruction/Damage/Vandalism of Property,1.0,Residence/Home,Anti-Black or African American,Individual,S,S
156518,156505,2012,AL0011200,Hoover,,City,AL,Alabama,East South Central,South,3,"Cities from 50,000 thru 99,999",18-APR-12,,,1,,,Black or African American,,1,All Other Larceny,1.0,Department/Discount Store,"Anti-Multiple Religions, Group",Individual,S,S
156519,156506,2012,AL0011200,Hoover,,City,AL,Alabama,East South Central,South,3,"Cities from 50,000 thru 99,999",30-APR-12,,,1,,,White,,1,Drug/Narcotic Violations,0.0,School/College,Anti-Other Religion,Society/Public,S,S
156520,156507,2012,AL0011200,Hoover,,City,AL,Alabama,East South Central,South,3,"Cities from 50,000 thru 99,999",05-APR-12,,,1,,,White,,1,Intimidation,1.0,Highway/Road/Alley/Street/Sidewalk,Anti-Black or African American,Individual,S,S
156521,156508,2012,AL0011200,Hoover,,City,AL,Alabama,East South Central,South,3,"Cities from 50,000 thru 99,999",25-AUG-12,,,0,,,Unknown,,1,Destruction/Damage/Vandalism of Property,0.0,Residence/Home,Anti-Black or African American,Business,S,S
163112,163096,2013,AL0011200,Hoover,,City,AL,Alabama,East South Central,South,3,"Cities from 50,000 thru 99,999",23-APR-13,0.0,0.0,2,0.0,0.0,Multiple,,1,Intimidation,1.0,Restaurant,Anti-Gay (Male),Individual,S,S
163113,163097,2013,AL0040100,Prattville,,City,AL,Alabama,East South Central,South,4,"Cities from 25,000 thru 49,999",11-MAR-13,0.0,0.0,1,0.0,0.0,White,,1,Aggravated Assault,1.0,Parking/Drop Lot/Garage,Anti-Black or African American,Individual,S,S
163114,163098,2013,AL0040100,Prattville,,City,AL,Alabama,East South Central,South,4,"Cities from 25,000 thru 49,999",23-AUG-13,0.0,0.0,1,0.0,0.0,White,,1,Simple Assault,1.0,School/College,Anti-Black or African American,Individual,S,S
163115,163099,2013,AL0410100,Florence,,City,AL,Alabama,East South Central,South,4,"Cities from 25,000 thru 49,999",04-APR-13,0.0,0.0,1,0.0,0.0,Unknown,,1,Simple Assault,1.0,Restaurant,Anti-Black or African American,Individual,S,S
163116,163100,2013,AL0410100,Florence,,City,AL,Alabama,East South Central,South,4,"Cities from 25,000 thru 49,999",19-OCT-13,0.0,0.0,1,0.0,0.0,Unknown,,1,Not Specified,1.0,Department/Discount Store,"Anti-Multiple Races, Group",Individual,S,S
163117,163101,2013,AL0630100,Tuscaloosa,,City,AL,Alabama,East South Central,South,3,"Cities from 50,000 thru 99,999",01-AUG-13,0.0,0.0,1,0.0,0.0,White,,1,Aggravated Assault,1.0,Residence/Home,Anti-Black or African American,Individual,S,S
169154,169141,2014,AL0010400,Fairfield,,City,AL,Alabama,East South Central,South,5,"Cities from 10,000 thru 24,999",04-APR-14,1.0,0.0,3,3.0,0.0,White,Not Hispanic or Latino,2,Destruction/Damage/Vandalism of Property;Simple Assault,1.0,Grocery/Supermarket,Anti-American Indian or Alaska Native,Individual,M,S
169155,169142,2014,AL0011200,Hoover,,City,AL,Alabama,East South Central,South,3,"Cities from 50,000 thru 99,999",22-MAR-14,0.0,0.0,2,0.0,0.0,Unknown,,1,Simple Assault,1.0,Hotel/Motel/Etc.,Anti-Jewish,Individual,S,S
169156,169143,2014,AL0011200,Hoover,,City,AL,Alabama,East South Central,South,3,"Cities from 50,000 thru 99,999",02-DEC-14,1.0,0.0,1,1.0,0.0,Black or African American,,1,Intimidation,1.0,Service/Gas Station,Anti-Hispanic or Latino,Individual,S,S
169157,169144,2014,AL0040100,Prattville,,City,AL,Alabama,East South Central,South,4,"Cities from 25,000 thru 49,999",28-SEP-14,1.0,0.0,1,1.0,0.0,White,Unknown,1,Intimidation,1.0,Restaurant,Anti-Asian,Individual,S,S
169158,169145,2014,AL0040100,Prattville,,City,AL,Alabama,East South Central,South,4,"Cities from 25,000 thru 49,999",19-APR-14,0.0,0.0,0,0.0,0.0,Unknown,Unknown,1,Destruction/Damage/Vandalism of Property,0.0,Government/Public Building,Anti-Black or African American,Government,S,S
169159,169146,2014,AL0040100,Prattville,,City,AL,Alabama,East South Central,South,4,"Cities from 25,000 thru 49,999",22-APR-14,1.0,0.0,2,2.0,0.0,White,Unknown,1,Intimidation,1.0,Residence/Home,Anti-Black or African American,Individual,S,S
169160,169147,2014,AL0040100,Prattville,,City,AL,Alabama,East South Central,South,4,"Cities from 25,000 thru 49,999",06-MAY-14,1.0,0.0,1,1.0,0.0,Black or African American,Not Hispanic or Latino,1,Intimidation,1.0,Highway/Road/Alley/Street/Sidewalk,Anti-White,Individual,S,S
169161,169148,2014,AL0610100,Sylacauga,,City,AL,Alabama,East South Central,South,5,"Cities from 10,000 thru 24,999",29-SEP-14,1.0,0.0,0,0.0,0.0,Unknown,Unknown,1,Burglary/Breaking & Entering,1.0,Residence/Home,Anti-Black or African American,Individual,S,S
169162,169149,2014,AL0610100,Sylacauga,,City,AL,Alabama,East South Central,South,5,"Cities from 10,000 thru 24,999",29-DEC-14,1.0,0.0,1,1.0,0.0,Black or African American,Not Hispanic or Latino,1,Intimidation,1.0,Residence/Home,Anti-White,Individual,S,S
174755,174738,2015,AL0010200,Birmingham,,City,AL,Alabama,East South Central,South,2,"Cities from 100,000 thru 249,999",06-MAR-15,,,1,,,White,,1,Simple Assault,1.0,Residence/Home,Anti-Black or African American,Individual,S,S
174756,174739,2015,AL0010200,Birmingham,,City,AL,Alabama,East South Central,South,2,"Cities from 100,000 thru 249,999",18-JUN-15,,,2,,,Black or African American,,1,Destruction/Damage/Vandalism of Property,1.0,Highway/Road/Alley/Street/Sidewalk,Anti-White,Individual,S,S
174757,174740,2015,AL0010200,Birmingham,,City,AL,Alabama,East South Central,South,2,"Cities from 100,000 thru 249,999",15-JUL-15,,,1,,,Black or African American,,2,Aggravated Assault;Destruction/Damage/Vandalism of Property,1.0,Residence/Home,Anti-Gay (Male),Individual,M,S
174758,174741,2015,AL0010200,Birmingham,,City,AL,Alabama,East South Central,South,2,"Cities from 100,000 thru 249,999",07-NOV-15,,,0,,,Unknown,,1,Simple Assault,1.0,Residence/Home,Anti-Black or African American,Individual,S,S
174759,174742,2015,AL0010200,Birmingham,,City,AL,Alabama,East South Central,South,2,"Cities from 100,000 thru 249,999",26-NOV-15,,,1,,,Black or African American,,2,Simple Assault,2.0,Highway/Road/Alley/Street/Sidewalk,Anti-Gay (Male),Individual,S,S
174760,174743,2015,AL0011200,Hoover,,City,AL,Alabama,East South Central,South,3,"Cities from 50,000 thru 99,999",22-APR-15,,,1,,,White,,1,Aggravated Assault,1.0,Drug Store/Doctor's Office/Hospital,Anti-Black or African American,Individual,S,S
174761,174744,2015,AL0011200,Hoover,,City,AL,Alabama,East South Central,South,3,"Cities from 50,000 thru 99,999",18-JUL-15,,,1,,,White,,1,Intimidation,1.0,Highway/Road/Alley/Street/Sidewalk,Anti-Black or African American,Individual,S,S
174762,174745,2015,AL0011200,Hoover,,City,AL,Alabama,East South Central,South,3,"Cities from 50,000 thru 99,999",24-JUN-15,,,1,,,White,,1,Intimidation,1.0,Highway/Road/Alley/Street/Sidewalk,Anti-Black or African American,Individual,S,S
174763,174746,2015,AL0011200,Hoover,,City,AL,Alabama,East South Central,South,3,"Cities from 50,000 thru 99,999",30-JUN-15,,,2,,,White,,1,Intimidation,1.0,Residence/Home,Anti-Black or African American,Individual,S,S
174764,174747,2015,AL0040100,Prattville,,City,AL,Alabama,East South Central,South,4,"Cities from 25,000 thru 49,999",21-APR-15,,,1,,,White,,1,Intimidation,1.0,Highway/Road/Alley/Street/Sidewalk,Anti-Black or African American,Individual,S,S
180629,180588,2016,AL0010200,Birmingham,,City,AL,Alabama,East South Central,South,2,"Cities from 100,000 thru 249,999",15-FEB-16,1.0,0.0,1,1.0,0.0,White,Unknown,1,Simple Assault,1.0,Department/Discount Store,Anti-Hispanic or Latino,Individual,S,S
180630,180589,2016,AL0010200,Birmingham,,City,AL,Alabama,East South Central,South,2,"Cities from 100,000 thru 249,999",07-MAR-16,1.0,0.0,1,1.0,0.0,White,Unknown,1,Intimidation,1.0,Residence/Home,Anti-Black or African American,Individual,S,S
180631,180590,2016,AL0010200,Birmingham,,City,AL,Alabama,East South Central,South,2,"Cities from 100,000 thru 249,999",25-MAR-16,2.0,0.0,2,2.0,0.0,White,Unknown,2,Intimidation,2.0,Parking/Drop Lot/Garage,Anti-Black or African American,Individual,S,S
180632,180591,2016,AL0010200,Birmingham,,City,AL,Alabama,East South Central,South,2,"Cities from 100,000 thru 249,999",17-APR-16,1.0,0.0,1,1.0,0.0,White,Unknown,1,Intimidation,1.0,Other/Unknown,Anti-Lesbian (Female),Individual,S,S
180633,180592,2016,AL0010200,Birmingham,,City,AL,Alabama,East South Central,South,2,"Cities from 100,000 thru 249,999",11-JUN-16,1.0,0.0,1,1.0,0.0,Unknown,Unknown,1,Intimidation,1.0,Parking/Drop Lot/Garage,"Anti-Multiple Religions, Group",Individual,S,S
180634,180593,2016,AL0010200,Birmingham,,City,AL,Alabama,East South Central,South,2,"Cities from 100,000 thru 249,999",29-AUG-16,2.0,0.0,1,1.0,0.0,Unknown,Unknown,2,Intimidation,2.0,Government/Public Building,Anti-White,Individual,S,S
180635,180594,2016,AL0010200,Birmingham,,City,AL,Alabama,East South Central,South,2,"Cities from 100,000 thru 249,999",04-SEP-16,1.0,0.0,1,1.0,0.0,Unknown,Unknown,1,Not Specified,1.0,Restaurant,Anti-Black or African American,Individual,S,S
180636,180595,2016,AL0010200,Birmingham,,City,AL,Alabama,East South Central,South,2,"Cities from 100,000 thru 249,999",11-OCT-16,1.0,0.0,1,1.0,0.0,White,Not Hispanic or Latino,1,Intimidation,1.0,Highway/Road/Alley/Street/Sidewalk,Anti-Black or African American,Individual,S,S
180637,180596,2016,AL0010200,Birmingham,,City,AL,Alabama,East South Central,South,2,"Cities from 100,000 thru 249,999",28-OCT-16,1.0,0.0,1,1.0,0.0,White,Not Hispanic or Latino,1,Simple Assault,1.0,Convenience Store,Anti-Black or African American,Individual,S,S
180638,180597,2016,AL0011200,Hoover,,City,AL,Alabama,East South Central,South,3,"Cities from 50,000 thru 99,999",25-MAR-16,1.0,0.0,0,0.0,0.0,Unknown,Unknown,1,Destruction/Damage/Vandalism of Property,1.0,Residence/Home,Anti-Black or African American,Individual,S,S
180639,180598,2016,AL0011200,Hoover,,City,AL,Alabama,East South Central,South,3,"Cities from 50,000 thru 99,999",05-AUG-16,0.0,0.0,1,1.0,0.0,White,Unknown,1,Destruction/Damage/Vandalism of Property,0.0,Commercial/Office Building,Anti-Black or African American,Business,S,S
180640,180599,2016,AL0011200,Hoover,,City,AL,Alabama,East South Central,South,3,"Cities from 50,000 thru 99,999",04-OCT-16,1.0,0.0,0,0.0,0.0,Unknown,Unknown,1,All Other Larceny,1.0,Rental Storage Facility,Anti-American Indian or Alaska Native,Individual,S,S
180641,180600,2016,AL0050300,Foley,,City,AL,Alabama,East South Central,South,5,"Cities from 10,000 thru 24,999",23-APR-16,1.0,0.0,1,1.0,0.0,White,Not Hispanic or Latino,1,Intimidation,1.0,Hotel/Motel/Etc.,Anti-Black or African American,Individual,S,S
180642,180601,2016,AL0410100,Florence,,City,AL,Alabama,East South Central,South,4,"Cities from 25,000 thru 49,999",30-AUG-16,2.0,0.0,1,1.0,0.0,Black or African American,Unknown,2,Intimidation,2.0,Residence/Home,"Anti-Multiple Races, Group",Individual,S,S
186898,479014,2017,AL0010200,Birmingham,,City,AL,Alabama,East South Central,South,2,"Cities from 100,000 thru 249,999",08-OCT-17,1.0,0.0,1,1.0,0.0,Black or African American,Not Hispanic or Latino,1,Aggravated Assault,1.0,Residence/Home,Anti-White,Individual,S,S
186899,479106,2017,AL0010200,Birmingham,,City,AL,Alabama,East South Central,South,2,"Cities from 100,000 thru 249,999",05-MAR-17,1.0,0.0,1,1.0,0.0,Black or African American,Not Hispanic or Latino,1,Intimidation,1.0,Residence/Home,Anti-White,Individual,S,S
186900,479206,2017,AL0010200,Birmingham,,City,AL,Alabama,East South Central,South,2,"Cities from 100,000 thru 249,999",28-AUG-17,1.0,0.0,1,1.0,0.0,Black or African American,Not Hispanic or Latino,1,Intimidation,1.0,Residence/Home,Anti-White,Individual,S,S
186901,479207,2017,AL0010200,Birmingham,,City,AL,Alabama,East South Central,South,2,"Cities from 100,000 thru 249,999",31-JUL-17,1.0,0.0,1,1.0,0.0,White,Not Hispanic or Latino,1,Intimidation,1.0,Department/Discount Store,Anti-Black or African American,Individual,S,S
186902,704572,2017,AL0011200,Hoover,,City,AL,Alabama,East South Central,South,3,"Cities from 50,000 thru 99,999",31-JUL-17,1.0,0.0,0,,,Unknown,Unknown,1,Destruction/Damage/Vandalism of Property,1.0,Residence/Home,Anti-Black or African American,Individual,S,S
186903,704575,2017,AL0011200,Hoover,,City,AL,Alabama,East South Central,South,3,"Cities from 50,000 thru 99,999",31-JAN-17,1.0,0.0,0,,,Unknown,Unknown,1,Intimidation,1.0,Grocery/Supermarket,Anti-Hispanic or Latino,Individual,S,S
186904,704577,2017,AL0011200,Hoover,,City,AL,Alabama,East South Central,South,3,"Cities from 50,000 thru 99,999",24-JAN-17,1.0,0.0,1,1.0,0.0,Black or African American,Unknown,1,Intimidation,1.0,Commercial/Office Building,Anti-Hispanic or Latino,Individual,S,S
186905,704578,2017,AL0011200,Hoover,,City,AL,Alabama,East South Central,South,3,"Cities from 50,000 thru 99,999",09-MAR-17,1.0,0.0,0,,,Unknown,Unknown,1,Intimidation,1.0,Church/Synagogue/Temple/Mosque,Anti-Islamic (Muslim),Individual,S,S
186906,704580,2017,AL0011200,Hoover,,City,AL,Alabama,East South Central,South,3,"Cities from 50,000 thru 99,999",30-AUG-17,1.0,0.0,1,1.0,0.0,White,Unknown,1,Intimidation,1.0,Residence/Home,Anti-Black or African American,Individual,S,S
186907,1236654,2017,AL0011200,Hoover,,City,AL,Alabama,East South Central,South,3,"Cities from 50,000 thru 99,999",21-OCT-17,1.0,0.0,1,1.0,0.0,White,Unknown,1,Intimidation,1.0,Restaurant,Anti-Black or African American,Individual,S,S
186908,1321062,2017,AL0011200,Hoover,,City,AL,Alabama,East South Central,South,3,"Cities from 50,000 thru 99,999",06-JUN-17,1.0,0.0,1,1.0,0.0,White,Unknown,1,Simple Assault,1.0,Highway/Road/Alley/Street/Sidewalk,Anti-Black or African American,Individual,S,S
186909,191575,2017,AL0110800,Jacksonville State University,,University or College,AL,Alabama,East South Central,South,7,"Cities under 2,500",23-SEP-17,1.0,0.0,1,1.0,0.0,Black or African American,Not Hispanic or Latino,1,Intimidation,1.0,School-College/University,Anti-White,Individual,S,S
186910,191580,2017,AL0260100,Ozark,,City,AL,Alabama,East South Central,South,5,"Cities from 10,000 thru 24,999",07-FEB-17,1.0,0.0,1,1.0,0.0,Unknown,Unknown,1,Intimidation,1.0,Residence/Home,Anti-Black or African American,Individual,S,S
186911,191581,2017,AL0260100,Ozark,,City,AL,Alabama,East South Central,South,5,"Cities from 10,000 thru 24,999",22-NOV-17,1.0,0.0,1,1.0,0.0,White,Not Hispanic or Latino,1,Intimidation,1.0,Residence/Home,Anti-Black or African American,Individual,S,S
201397,1236653,2019,AL0011200,Hoover,,City,AL,Alabama,East South Central,South,3,"Cities from 50,000 thru 99,999",17-OCT-19,0.0,0.0,1,1.0,0.0,Black or African American,Not Hispanic or Latino,1,Impersonation,0.0,Highway/Road/Alley/Street/Sidewalk,Anti-White,Government,S,S
209288,924792,2020,AL0010200,Birmingham,,City,AL,Alabama,East South Central,South,2,"Cities from 100,000 thru 249,999",01-JUN-20,2.0,0.0,1,1.0,0.0,White,Not Hispanic or Latino,2,Intimidation,2.0,Park/Playground,Anti-Black or African American,Individual,S,S
209289,924794,2020,AL0010200,Birmingham,,City,AL,Alabama,East South Central,South,2,"Cities from 100,000 thru 249,999",12-MAR-20,1.0,0.0,2,2.0,0.0,White,Not Hispanic or Latino,1,Intimidation,1.0,Commercial/Office Building,Anti-Islamic (Muslim),Individual,S,S
209290,1321049,2020,AL0011200,Hoover,,City,AL,Alabama,East South Central,South,3,"Cities from 50,000 thru 99,999",03-JUN-20,1.0,0.0,0,,,Unknown,Unknown,1,Impersonation,1.0,Other/Unknown,Anti-Sikh,Individual,S,S
209291,924793,2020,AL0020100,Mobile,,City,AL,Alabama,East South Central,South,2,"Cities from 100,000 thru 249,999",04-JUN-20,0.0,1.0,2,0.0,2.0,Unknown,Not Hispanic or Latino,1,Simple Assault,1.0,Other/Unknown,Anti-Islamic (Muslim),Individual,S,S
209292,924795,2020,AL0020100,Mobile,,City,AL,Alabama,East South Central,South,2,"Cities from 100,000 thru 249,999",10-JAN-20,2.0,0.0,1,1.0,0.0,Black or African American,Unknown,2,Destruction/Damage/Vandalism of Property,2.0,Residence/Home,"Anti-Islamic (Muslim);Anti-Multiple Races, Group",Individual,S,M
209293,1085861,2020,AL0020600,Bayou La Batre,,City,AL,Alabama,East South Central,South,7,"Cities under 2,500",22-APR-20,0.0,0.0,1,1.0,0.0,Black or African American,Not Hispanic or Latino,1,Shoplifting,0.0,Department/Discount Store,Anti-White,Business,S,S
209294,1085864,2020,AL0210100,Evergreen,,City,AL,Alabama,East South Central,South,6,"Cities from 2,500 thru 9,999",12-APR-20,1.0,0.0,1,1.0,0.0,Black or African American,Not Hispanic or Latino,1,All Other Larceny,1.0,Residence/Home,Anti-White,Individual,S,S
209295,1085865,2020,AL0240000,Crenshaw,,County,AL,Alabama,East South Central,South,8D,"Non-MSA counties under 10,000",18-JAN-20,1.0,0.0,1,1.0,0.0,White,Not Hispanic or Latino,1,Burglary/Breaking & Entering,1.0,Residence/Home,Anti-White,Individual,S,S
209296,1085867,2020,AL0270000,Dallas,,County,AL,Alabama,East South Central,South,8C,"Non-MSA counties from 10,000 thru 24,999",17-MAR-20,0.0,0.0,4,3.0,1.0,Unknown,Unknown,1,Drug Equipment Violations,0.0,Jail/Prison/Penitentiary/Corrections Facility,Anti-White,Society/Public,S,S
209297,1085870,2020,AL0280000,DeKalb,,County,AL,Alabama,East South Central,South,8B,"Non-MSA counties from 25,000 thru 99,999",04-MAY-20,1.0,0.0,1,1.0,0.0,White,Unknown,1,Simple Assault,1.0,Residence/Home,Anti-White,Individual,S,S
209298,1085874,2020,AL0280000,DeKalb,,County,AL,Alabama,East South Central,South,8B,"Non-MSA counties from 25,000 thru 99,999",04-FEB-20,1.0,0.0,0,,,Unknown,Unknown,1,Destruction/Damage/Vandalism of Property,1.0,Residence/Home,Anti-Black or African American,Individual,S,S
209299,1085871,2020,AL0310000,Etowah,,County,AL,Alabama,East South Central,South,9B,"MSA counties from 25,000 thru 99,999",11-FEB-20,1.0,0.0,1,1.0,0.0,Black or African American,Not Hispanic or Latino,1,Aggravated Assault,1.0,Parking/Drop Lot/Garage,Anti-White,Individual,S,S
209300,1085872,2020,AL0320100,Fayette,,City,AL,Alabama,East South Central,South,6,"Cities from 2,500 thru 9,999",06-MAY-20,1.0,0.0,1,1.0,0.0,White,Unknown,1,Simple Assault,1.0,Restaurant,Anti-Black or African American,Individual,S,S
209301,1085878,2020,AL0460100,Tuskegee,,City,AL,Alabama,East South Central,South,6,"Cities from 2,500 thru 9,999",06-JUN-20,0.0,0.0,0,,,Unknown,Unknown,1,Destruction/Damage/Vandalism of Property,0.0,Park/Playground,Anti-White,Business,S,S
209302,1085873,2020,AL0480200,Linden,,City,AL,Alabama,East South Central,South,7,"Cities under 2,500",04-APR-20,1.0,0.0,1,0.0,1.0,Black or African American,Unknown,1,Aggravated Assault,1.0,Highway/Road/Alley/Street/Sidewalk,"Anti-Lesbian, Gay, Bisexual, or Transgender (Mixed Group)",Individual,S,S
209303,1085881,2020,AL0540400,Carrollton,,City,AL,Alabama,East South Central,South,7,"Cities under 2,500",01-MAY-20,1.0,0.0,1,1.0,0.0,Black or African American,Unknown,1,Intimidation,1.0,Highway/Road/Alley/Street/Sidewalk,Anti-White,Individual,S,S
209304,1085879,2020,AL0580800,Margaret,,City,AL,Alabama,East South Central,South,6,"Cities from 2,500 thru 9,999",28-FEB-20,0.0,0.0,1,1.0,0.0,Black or African American,Not Hispanic or Latino,1,Drug Equipment Violations,0.0,Highway/Road/Alley/Street/Sidewalk,Anti-White,Society/Public,S,S
209305,1085901,2020,AL0640000,Walker,,County,AL,Alabama,East South Central,South,8B,"Non-MSA counties from 25,000 thru 99,999",25-MAY-20,1.0,0.0,0,,,Unknown,Unknown,1,All Other Larceny,1.0,Residence/Home,Anti-White,Individual,S,S
209306,1085890,2020,AL0640400,Dora,,City,AL,Alabama,East South Central,South,7,"Cities under 2,500",05-JAN-20,0.0,0.0,0,,,Unknown,Unknown,1,Destruction/Damage/Vandalism of Property,0.0,Church/Synagogue/Temple/Mosque,Anti-Other Christian,Religious Organization,S,S
209307,1085888,2020,AL0650000,Washington,,County,AL,Alabama,East South Central,South,9C,"MSA counties from 10,000 thru 24,999",16-MAR-20,0.0,0.0,1,1.0,0.0,White,Not Hispanic or Latino,1,Drug Equipment Violations,0.0,Highway/Road/Alley/Street/Sidewalk,Anti-White,Society/Public,S,S
209308,1085891,2020,AL0650000,Washington,,County,AL,Alabama,East South Central,South,9C,"MSA counties from 10,000 thru 24,999",23-JAN-20,1.0,0.0,1,1.0,0.0,Black or African American,Not Hispanic or Latino,1,Burglary/Breaking & Entering,1.0,Residence/Home,Anti-Black or African American,Individual,S,S
209309,1085896,2020,AL0650000,Washington,,County,AL,Alabama,East South Central,South,9C,"MSA counties from 10,000 thru 24,999",26-FEB-20,0.0,0.0,1,1.0,0.0,White,Not Hispanic or Latino,1,Drug/Narcotic Violations,0.0,Highway/Road/Alley/Street/Sidewalk,Anti-White,Society/Public,S,S
209310,1085897,2020,AL0650000,Washington,,County,AL,Alabama,East South Central,South,9C,"MSA counties from 10,000 thru 24,999",10-MAR-20,0.0,0.0,1,1.0,0.0,Black or African American,Not Hispanic or Latino,2,Drug Equipment Violations;Drug/Narcotic Violations,0.0,Highway/Road/Alley/Street/Sidewalk,Anti-Black or African American,Society/Public,M,S
209311,1085898,2020,AL0650000,Washington,,County,AL,Alabama,East South Central,South,9C,"MSA counties from 10,000 thru 24,999",05-FEB-20,0.0,0.0,1,1.0,0.0,White,Not Hispanic or Latino,2,Drug Equipment Violations;Drug/Narcotic Violations,0.0,Highway/Road/Alley/Street/Sidewalk,Anti-White,Society/Public,M,S
209312,1085899,2020,AL0650000,Washington,,County,AL,Alabama,East South Central,South,9C,"MSA counties from 10,000 thru 24,999",13-MAR-20,0.0,0.0,1,1.0,0.0,Black or African American,Not Hispanic or Latino,2,Drug Equipment Violations;Drug/Narcotic Violations,0.0,Highway/Road/Alley/Street/Sidewalk,Anti-Black or African American,Society/Public,M,S
209313,1085900,2020,AL0650000,Washington,,County,AL,Alabama,East South Central,South,9C,"MSA counties from 10,000 thru 24,999",08-FEB-20,0.0,0.0,2,2.0,0.0,White,Not Hispanic or Latino,2,Drug Equipment Violations;Drug/Narcotic Violations,0.0,Highway/Road/Alley/Street/Sidewalk,Anti-White,Society/Public,M,S
209314,1085902,2020,AL0650000,Washington,,County,AL,Alabama,East South Central,South,9C,"MSA counties from 10,000 thru 24,999",13-MAR-20,0.0,0.0,1,1.0,0.0,Black or African American,Not Hispanic or Latino,2,Drug Equipment Violations;Drug/Narcotic Violations,0.0,Highway/Road/Alley/Street/Sidewalk,Anti-Black or African American,Society/Public,M,S
